name,budget,seed,mode,hgs_cost,grader_cost,opt,n_routes,kmin,opt_routes,feasible,valid_perm,wall,gap_pct
XML100_1111_11,2.0,43,free,33262,33262,33202,25,25,25,1,1,2.519,0.1807120053008855
XML100_1111_11,2.0,42,free,33281,33281,33202,25,25,25,1,1,2.529,0.23793747364616588
XML100_1111_11,2.0,44,free,33230,33230,33202,25,25,25,1,1,2.527,0.08433226914041322
XML100_1111_11,5.0,42,free,33256,33256,33202,25,25,25,1,1,5.506,0.16264080477079693
XML100_1111_11,5.0,43,free,33202,33202,33202,25,25,25,1,1,5.515,0.0
XML100_1111_11,5.0,44,free,33230,33230,33202,25,25,25,1,1,5.517,0.08433226914041322
XML100_2122_05,2.0,42,free,17526,17526,17255,16,16,16,1,1,2.025,1.570559258186033
XML100_2122_05,2.0,43,free,17530,17530,17255,16,16,16,1,1,2.036,1.5937409446537236
XML100_2122_05,2.0,44,free,17508,17508,17255,16,16,16,1,1,2.022,1.4662416690814257
XML100_1111_11,10.0,43,free,33202,33202,33202,25,25,25,1,1,10.507,0.0
XML100_1111_11,10.0,42,free,33223,33223,33202,25,25,25,1,1,10.518,0.06324920185530993
XML100_1111_11,10.0,44,free,33202,33202,33202,25,25,25,1,1,10.021,0.0
XML100_2122_05,5.0,42,free,17416,17416,17255,16,16,16,1,1,5.014,0.9330628803245437
XML100_2122_05,5.0,43,free,17411,17411,17255,16,16,16,1,1,5.029,0.9040857722399305
XML100_2122_05,5.0,44,free,17315,17315,17255,16,16,16,1,1,5.02,0.34772529701535787
XML100_2122_05,10.0,42,free,17407,17407,17255,16,16,16,1,1,10.019,0.8809040857722399
XML100_2122_05,10.0,43,free,17411,17411,17255,16,16,16,1,1,10.023,0.9040857722399305
XML100_2122_05,10.0,44,free,17315,17315,17255,16,16,16,1,1,10.023,0.34772529701535787
XML100_3133_13,2.0,42,free,19972,19972,19683,10,10,10,1,1,2.019,1.4682721129909058
XML100_3133_13,2.0,43,free,19779,19779,19683,10,10,10,1,1,2.019,0.4877305288827923
XML100_3133_13,2.0,44,free,19831,19831,19683,10,10,10,1,1,2.03,0.7519178986943047
XML100_3133_13,5.0,42,free,19924,19924,19683,10,10,10,1,1,5.027,1.2244068485495097
XML100_3133_13,5.0,43,free,19779,19779,19683,10,10,10,1,1,5.023,0.4877305288827923
XML100_1111_11,30.0,42,free,33202,33202,33202,25,25,25,1,1,30.019,0.0
XML100_1111_11,30.0,43,free,33202,33202,33202,25,25,25,1,1,30.032,0.0
XML100_3133_13,5.0,44,free,19813,19813,19683,10,10,10,1,1,5.025,0.6604684245287812
XML100_1111_11,30.0,44,free,33202,33202,33202,25,25,25,1,1,30.039,0.0
XML100_3133_13,10.0,42,free,19821,19821,19683,10,10,10,1,1,10.033,0.7011126352690139
XML100_3133_13,10.0,43,free,19779,19779,19683,10,10,10,1,1,10.023,0.4877305288827923
XML100_3133_13,10.0,44,free,19813,19813,19683,10,10,10,1,1,10.049,0.6604684245287812
XML100_1244_21,2.0,42,free,13261,13261,13173,8,8,8,1,1,2.022,0.668033098003492
XML100_1244_21,2.0,43,free,13214,13214,13173,8,8,8,1,1,2.019,0.3112426933879906
XML100_2122_05,30.0,42,free,17355,17355,17255,16,16,16,1,1,30.019,0.5795421616922631
XML100_2122_05,30.0,43,free,17322,17322,17255,16,16,16,1,1,30.037,0.3882932483338163
XML100_1244_21,2.0,44,free,13199,13199,13173,8,8,8,1,1,2.02,0.19737341531921354
XML100_1244_21,5.0,43,free,13175,13175,13173,8,8,8,1,1,5.02,0.015182570409170272
XML100_1244_21,5.0,42,free,13199,13199,13173,8,8,8,1,1,5.033,0.19737341531921354
XML100_2122_05,30.0,44,free,17315,17315,17255,16,16,16,1,1,30.014,0.34772529701535787
XML100_1244_21,5.0,44,free,13199,13199,13173,8,8,8,1,1,5.043,0.19737341531921354
XML100_1244_21,10.0,42,free,13199,13199,13173,8,8,8,1,1,10.024,0.19737341531921354
XML100_1244_21,10.0,43,free,13175,13175,13173,8,8,8,1,1,10.027,0.015182570409170272
XML100_1244_21,10.0,44,free,13175,13175,13173,8,8,8,1,1,10.023,0.015182570409170272
XML100_2255_02,2.0,42,free,8746,8746,8743,6,6,6,1,1,2.019,0.03431316481756834
XML100_2255_02,2.0,43,free,8788,8788,8743,6,6,6,1,1,2.017,0.5146974722635251
XML100_2255_02,2.0,44,free,8747,8747,8743,6,6,6,1,1,2.025,0.04575088642342445
XML100_3133_13,30.0,42,free,19740,19740,19683,10,10,10,1,1,30.023,0.2895900015241579
XML100_3133_13,30.0,43,free,19772,19772,19683,10,10,10,1,1,30.028,0.45216684448508865
XML100_2255_02,5.0,42,free,8743,8743,8743,6,6,6,1,1,5.019,0.0
XML100_2255_02,5.0,43,free,8743,8743,8743,6,6,6,1,1,5.023,0.0
XML100_2255_02,5.0,44,free,8743,8743,8743,6,6,6,1,1,5.035,0.0
XML100_3133_13,30.0,44,free,19757,19757,19683,10,10,10,1,1,30.017,0.37595894934715235
XML100_2255_02,10.0,42,free,8743,8743,8743,6,6,6,1,1,10.029,0.0
XML100_2255_02,10.0,43,free,8743,8743,8743,6,6,6,1,1,10.017,0.0
XML100_3266_03,2.0,42,free,8814,8814,8774,3,3,3,1,1,2.029,0.45589240939138365
XML100_2255_02,10.0,44,free,8743,8743,8743,6,6,6,1,1,10.029,0.0
XML100_1244_21,30.0,42,free,13173,13173,13173,8,8,8,1,1,30.034,0.0
XML100_1244_21,30.0,43,free,13173,13173,13173,8,8,8,1,1,30.02,0.0
XML100_3266_03,2.0,43,free,8864,8864,8774,3,3,3,1,1,2.025,1.0257579211306131
XML100_3266_03,2.0,44,free,8884,8884,8774,3,3,3,1,1,2.025,1.253704125826305
XML100_3266_03,5.0,42,free,8778,8778,8774,3,3,3,1,1,5.028,0.04558924093913836
XML100_3266_03,5.0,43,free,8822,8822,8774,3,3,3,1,1,5.025,0.5470708912696604
XML100_3266_03,5.0,44,free,8819,8819,8774,3,3,3,1,1,5.019,0.5128789605653066
XML100_1244_21,30.0,44,free,13173,13173,13173,8,8,8,1,1,30.014,0.0
XML100_3266_03,10.0,42,free,8774,8774,8774,3,3,3,1,1,10.014,0.0
XML100_3266_03,10.0,43,free,8795,8795,8774,3,3,3,1,1,10.016,0.2393435149304764
XML100_3266_03,10.0,44,free,8774,8774,8774,3,3,3,1,1,10.024,0.0
XML100_1371_27,2.0,42,free,32221,32221,32186,33,29,33,1,1,2.023,0.10874293170943888
XML100_1371_27,2.0,43,free,32229,32229,32186,33,29,33,1,1,2.021,0.13359845895731062
XML100_1371_27,2.0,44,free,32235,32235,32186,33,29,33,1,1,2.03,0.15224010439321445
XML100_2255_02,30.0,42,free,8743,8743,8743,6,6,6,1,1,30.026,0.0
XML100_2255_02,30.0,43,free,8743,8743,8743,6,6,6,1,1,30.02,0.0
XML100_1371_27,5.0,42,free,32200,32200,32186,34,29,33,1,1,5.02,0.04349717268377556
XML100_1371_27,5.0,43,free,32197,32197,32186,33,29,33,1,1,5.025,0.03417634996582365
XML100_1371_27,5.0,44,free,32192,32192,32186,33,29,33,1,1,5.023,0.018641645435903808
XML100_2255_02,30.0,44,free,8743,8743,8743,6,6,6,1,1,30.016,0.0
XML100_1371_27,10.0,42,free,32189,32189,32186,33,29,33,1,1,10.021,0.009320822717951904
XML100_1371_27,10.0,43,free,32186,32186,32186,33,29,33,1,1,10.023,0.0
XML100_1371_27,10.0,44,free,32189,32189,32186,33,29,33,1,1,10.023,0.009320822717951904
XML100_2312_04,2.0,42,free,14601,14601,14486,15,15,15,1,1,2.014,0.7938699433936214
XML100_3266_03,30.0,42,free,8774,8774,8774,3,3,3,1,1,30.03,0.0
XML100_3266_03,30.0,43,free,8774,8774,8774,3,3,3,1,1,30.014,0.0
XML100_2312_04,2.0,43,free,14647,14647,14486,15,15,15,1,1,2.027,1.11141792075107
XML100_2312_04,2.0,44,free,14574,14574,14486,15,15,15,1,1,2.016,0.6074830871185972
XML100_3266_03,30.0,44,free,8774,8774,8774,3,3,3,1,1,30.016,0.0
XML100_2312_04,5.0,42,free,14556,14556,14486,15,15,15,1,1,5.019,0.4832251829352478
XML100_2312_04,5.0,43,free,14529,14529,14486,15,15,15,1,1,5.047,0.29683832666022364
XML100_2312_04,5.0,44,free,14574,14574,14486,15,15,15,1,1,5.025,0.6074830871185972
XML100_2312_04,10.0,42,free,14556,14556,14486,15,15,15,1,1,10.037,0.4832251829352478
XML100_2312_04,10.0,43,free,14529,14529,14486,15,15,15,1,1,10.033,0.29683832666022364
XML100_2312_04,10.0,44,free,14565,14565,14486,15,15,15,1,1,10.049,0.5453541350269225
XML100_3323_12,2.0,42,free,17411,17411,17334,9,9,9,1,1,2.031,0.4442136840890735
XML100_3323_12,2.0,43,free,17557,17557,17334,9,9,9,1,1,2.019,1.2864889811930311
XML100_1371_27,30.0,42,free,32186,32186,32186,33,29,33,1,1,30.03,0.0
XML100_3323_12,2.0,44,free,17542,17542,17334,9,9,9,1,1,2.024,1.1999538479289258
XML100_1371_27,30.0,43,free,32186,32186,32186,33,29,33,1,1,30.023,0.0
XML100_3323_12,5.0,42,free,17411,17411,17334,9,9,9,1,1,5.03,0.4442136840890735
XML100_3323_12,5.0,43,free,17532,17532,17334,9,9,9,1,1,5.015,1.142263759086189
XML100_3323_12,5.0,44,free,17426,17426,17334,9,9,9,1,1,5.051,0.5307488173531787
XML100_1371_27,30.0,44,free,32186,32186,32186,33,29,33,1,1,30.023,0.0
XML100_3323_12,10.0,42,free,17409,17409,17334,9,9,9,1,1,10.015,0.4326756663205261
XML100_3323_12,10.0,43,free,17449,17449,17334,9,9,9,1,1,10.017,0.6634360216914734
XML100_3323_12,10.0,44,free,17426,17426,17334,9,9,9,1,1,10.021,0.5307488173531787
XML100_1134_19,2.0,42,free,12075,12075,11938,7,7,7,1,1,2.03,1.147595912213101
XML100_2312_04,30.0,42,free,14556,14556,14486,15,15,15,1,1,30.043,0.4832251829352478
XML100_2312_04,30.0,43,free,14486,14486,14486,15,15,15,1,1,30.024,0.0
XML100_1134_19,2.0,43,free,12105,12105,11938,7,7,7,1,1,2.036,1.3988942871502765
XML100_1134_19,2.0,44,free,12094,12094,11938,7,7,7,1,1,2.024,1.3067515496733122
XML100_1134_19,5.0,42,free,12068,12068,11938,7,7,7,1,1,5.014,1.0889596247277602
XML100_1134_19,5.0,43,free,12018,12018,11938,7,7,7,1,1,5.021,0.6701289998324678
XML100_2312_04,30.0,44,free,14560,14560,14486,15,15,15,1,1,30.017,0.5108380505315477
XML100_1134_19,5.0,44,free,12054,12054,11938,7,7,7,1,1,5.057,0.9716870497570782
XML100_1134_19,10.0,42,free,12041,12041,11938,7,7,7,1,1,10.021,0.8627910872843022
XML100_1134_19,10.0,43,free,12018,12018,11938,7,7,7,1,1,10.035,0.6701289998324678
XML100_1134_19,10.0,44,free,12054,12054,11938,7,7,7,1,1,10.028,0.9716870497570782
XML100_2145_02,2.0,42,free,10297,10297,10225,6,6,6,1,1,2.018,0.7041564792176039
XML100_2145_02,2.0,43,free,10293,10293,10225,6,6,6,1,1,2.023,0.6650366748166259
XML100_3323_12,30.0,42,free,17375,17375,17334,9,9,9,1,1,30.024,0.23652936425522095
XML100_2145_02,2.0,44,free,10267,10267,10225,6,6,6,1,1,2.019,0.41075794621026895
XML100_3323_12,30.0,43,free,17349,17349,17334,9,9,9,1,1,30.035,0.08653513326410522
XML100_2145_02,5.0,42,free,10225,10225,10225,6,6,6,1,1,5.018,0.0
XML100_2145_02,5.0,43,free,10261,10261,10225,6,6,6,1,1,5.019,0.35207823960880197
XML100_3323_12,30.0,44,free,17353,17353,17334,9,9,9,1,1,30.027,0.10961116880119995
XML100_2145_02,5.0,44,free,10253,10253,10225,6,6,6,1,1,5.015,0.27383863080684595
XML100_2145_02,10.0,42,free,10225,10225,10225,6,6,6,1,1,10.025,0.0
XML100_2145_02,10.0,43,free,10261,10261,10225,6,6,6,1,1,10.017,0.35207823960880197
XML100_2145_02,10.0,44,free,10253,10253,10225,6,6,6,1,1,10.02,0.27383863080684595
XML100_3156_17,2.0,42,free,11091,11091,11091,4,4,4,1,1,2.028,0.0
XML100_1134_19,30.0,42,free,12012,12012,11938,7,7,7,1,1,30.017,0.6198693248450327
XML100_1134_19,30.0,43,free,12018,12018,11938,7,7,7,1,1,30.037,0.6701289998324678
XML100_3156_17,2.0,43,free,11094,11094,11091,4,4,4,1,1,2.032,0.027048958615093318
XML100_3156_17,2.0,44,free,11124,11124,11091,4,4,4,1,1,2.02,0.2975385447660265
XML100_3156_17,5.0,42,free,11091,11091,11091,4,4,4,1,1,5.015,0.0
XML100_3156_17,5.0,43,free,11094,11094,11091,4,4,4,1,1,5.049,0.027048958615093318
XML100_1134_19,30.0,44,free,12018,12018,11938,7,7,7,1,1,30.026,0.6701289998324678
XML100_3156_17,5.0,44,free,11111,11111,11091,4,4,4,1,1,5.021,0.1803263907672888
XML100_3156_17,10.0,42,free,11091,11091,11091,4,4,4,1,1,10.017,0.0
XML100_3156_17,10.0,43,free,11094,11094,11091,4,4,4,1,1,10.044,0.027048958615093318
XML100_3156_17,10.0,44,free,11091,11091,11091,4,4,4,1,1,10.021,0.0
XML100_1261_07,2.0,42,free,22063,22063,21667,23,23,23,1,1,2.03,1.8276641897816956
XML100_1261_07,2.0,43,free,22291,22291,21667,24,23,23,1,1,2.04,2.8799556929893386
XML100_2145_02,30.0,42,free,10225,10225,10225,6,6,6,1,1,30.03,0.0
XML100_2145_02,30.0,43,free,10261,10261,10225,6,6,6,1,1,30.019,0.35207823960880197
XML100_1261_07,2.0,44,free,22062,22062,21667,23,23,23,1,1,2.021,1.8230488761711359
XML100_1261_07,5.0,42,free,21916,21916,21667,23,23,23,1,1,5.032,1.1492130890293994
XML100_1261_07,5.0,43,free,21943,21943,21667,23,23,23,1,1,5.028,1.2738265565145153
XML100_1261_07,5.0,44,free,22047,22047,21667,23,23,23,1,1,5.021,1.7538191720127383
XML100_2145_02,30.0,44,free,10225,10225,10225,6,6,6,1,1,30.02,0.0
XML100_1261_07,10.0,42,free,21916,21916,21667,23,23,23,1,1,10.032,1.1492130890293994
XML100_1261_07,10.0,43,free,21762,21762,21667,23,23,23,1,1,10.034,0.4384547930031846
XML100_1261_07,10.0,44,free,21934,21934,21667,23,23,23,1,1,10.019,1.2322887340194766
XML100_2272_02,2.0,42,free,9610,9610,9467,15,14,15,1,1,2.024,1.5105101933030527
XML100_3156_17,30.0,42,free,11091,11091,11091,4,4,4,1,1,30.024,0.0
XML100_3156_17,30.0,43,free,11091,11091,11091,4,4,4,1,1,30.024,0.0
XML100_2272_02,2.0,43,free,9667,9667,9467,14,14,15,1,1,2.019,2.1126016689553184
XML100_2272_02,2.0,44,free,9587,9587,9467,14,14,15,1,1,2.013,1.267561001373191
XML100_2272_02,5.0,42,free,9590,9590,9467,15,14,15,1,1,5.024,1.2992500264075209
XML100_2272_02,5.0,43,free,9510,9510,9467,14,14,15,1,1,5.025,0.4542093588253935
XML100_2272_02,5.0,44,free,9532,9532,9467,14,14,15,1,1,5.018,0.6865955424104785
XML100_3156_17,30.0,44,free,11091,11091,11091,4,4,4,1,1,30.039,0.0
XML100_2272_02,10.0,42,free,9574,9574,9467,15,14,15,1,1,10.021,1.1302418928910953
XML100_2272_02,10.0,43,free,9488,9488,9467,14,14,15,1,1,10.023,0.22182317524030845
XML100_2272_02,10.0,44,free,9492,9492,9467,14,14,15,1,1,10.023,0.2640752086194148
XML100_3213_03,2.0,42,free,11686,11686,11615,10,10,10,1,1,2.026,0.6112785191562634
XML100_3213_03,2.0,43,free,11700,11700,11615,10,10,10,1,1,2.024,0.7318123116659492
XML100_1261_07,30.0,42,free,21777,21777,21667,23,23,23,1,1,30.063,0.5076844971615821
XML100_3213_03,2.0,44,free,11639,11639,11615,10,10,10,1,1,2.025,0.20662935858803272
XML100_1261_07,30.0,43,free,21736,21736,21667,23,23,23,1,1,30.018,0.3184566391286288
XML100_3213_03,5.0,42,free,11686,11686,11615,10,10,10,1,1,5.02,0.6112785191562634
XML100_3213_03,5.0,43,free,11670,11670,11615,10,10,10,1,1,5.018,0.4735256134309083
XML100_1261_07,30.0,44,free,21720,21720,21667,23,23,23,1,1,30.037,0.24461162135967138
XML100_3213_03,5.0,44,free,11639,11639,11615,10,10,10,1,1,5.021,0.20662935858803272
XML100_3213_03,10.0,42,free,11641,11641,11615,10,10,10,1,1,10.018,0.2238484718037021
XML100_3213_03,10.0,43,free,11648,11648,11615,10,10,10,1,1,10.017,0.284115368058545
XML100_3213_03,10.0,44,free,11638,11638,11615,10,10,10,1,1,10.036,0.19801980198019803
XML100_1324_14,2.0,42,free,10749,10749,10734,8,8,8,1,1,2.017,0.13974287311347122
XML100_2272_02,30.0,42,free,9477,9477,9467,14,14,15,1,1,30.027,0.10563008344776592
XML100_1324_14,2.0,43,free,10759,10759,10734,8,8,8,1,1,2.016,0.23290478852245203
XML100_2272_02,30.0,43,free,9472,9472,9467,14,14,15,1,1,30.019,0.05281504172388296
XML100_1324_14,2.0,44,free,10754,10754,10734,8,8,8,1,1,2.023,0.1863238308179616
XML100_1324_14,5.0,42,free,10749,10749,10734,8,8,8,1,1,5.02,0.13974287311347122
XML100_1324_14,5.0,43,free,10734,10734,10734,8,8,8,1,1,5.025,0.0
XML100_1324_14,5.0,44,free,10741,10741,10734,8,8,8,1,1,5.029,0.06521334078628657
XML100_2272_02,30.0,44,free,9478,9478,9467,14,14,15,1,1,30.016,0.11619309179254252
XML100_1324_14,10.0,42,free,10743,10743,10734,8,8,8,1,1,10.02,0.08384572386808273
XML100_1324_14,10.0,43,free,10734,10734,10734,8,8,8,1,1,10.033,0.0
XML100_1324_14,10.0,44,free,10737,10737,10734,8,8,8,1,1,10.02,0.027948574622694244
XML100_2335_14,2.0,42,free,8672,8672,8672,5,5,5,1,1,2.021,0.0
XML100_2335_14,2.0,43,free,8686,8686,8672,5,5,5,1,1,2.021,0.16143911439114392
XML100_3213_03,30.0,42,free,11615,11615,11615,10,10,10,1,1,30.023,0.0
XML100_3213_03,30.0,43,free,11628,11628,11615,10,10,10,1,1,30.039,0.11192423590185105
XML100_2335_14,2.0,44,free,8672,8672,8672,5,5,5,1,1,2.013,0.0
XML100_2335_14,5.0,42,free,8672,8672,8672,5,5,5,1,1,5.025,0.0
XML100_2335_14,5.0,43,free,8676,8676,8672,5,5,5,1,1,5.02,0.046125461254612546
XML100_2335_14,5.0,44,free,8672,8672,8672,5,5,5,1,1,5.023,0.0
XML100_3213_03,30.0,44,free,11628,11628,11615,10,10,10,1,1,30.036,0.11192423590185105
XML100_2335_14,10.0,42,free,8672,8672,8672,5,5,5,1,1,10.024,0.0
XML100_2335_14,10.0,43,free,8672,8672,8672,5,5,5,1,1,10.021,0.0
XML100_2335_14,10.0,44,free,8672,8672,8672,5,5,5,1,1,10.024,0.0
XML100_3346_03,2.0,42,free,8354,8354,8220,3,3,3,1,1,2.027,1.6301703163017032
XML100_1324_14,30.0,42,free,10734,10734,10734,8,8,8,1,1,30.019,0.0
XML100_3346_03,2.0,43,free,8248,8248,8220,3,3,3,1,1,2.021,0.340632603406326
XML100_1324_14,30.0,43,free,10734,10734,10734,8,8,8,1,1,30.027,0.0
XML100_3346_03,2.0,44,free,8311,8311,8220,3,3,3,1,1,2.02,1.1070559610705597
XML100_3346_03,5.0,42,free,8326,8326,8220,3,3,3,1,1,5.022,1.289537712895377
XML100_3346_03,5.0,43,free,8220,8220,8220,3,3,3,1,1,5.022,0.0
XML100_3346_03,5.0,44,free,8243,8243,8220,3,3,3,1,1,5.024,0.2798053527980535
XML100_1324_14,30.0,44,free,10734,10734,10734,8,8,8,1,1,30.024,0.0
XML100_3346_03,10.0,42,free,8220,8220,8220,3,3,3,1,1,10.014,0.0
XML100_3346_03,10.0,43,free,8220,8220,8220,3,3,3,1,1,10.034,0.0
XML100_3346_03,10.0,44,free,8220,8220,8220,3,3,3,1,1,10.025,0.0
XML100_1151_08,2.0,42,free,31907,31907,31527,24,23,24,1,1,2.024,1.2053160782821073
XML100_1151_08,2.0,43,free,32107,32107,31527,24,23,24,1,1,2.021,1.8396929615884796
XML100_2335_14,30.0,42,free,8672,8672,8672,5,5,5,1,1,30.018,0.0
XML100_2335_14,30.0,43,free,8672,8672,8672,5,5,5,1,1,30.023,0.0
XML100_1151_08,2.0,44,free,31939,31939,31527,24,23,24,1,1,2.018,1.306816379611127
XML100_1151_08,5.0,42,free,31763,31763,31527,24,23,24,1,1,5.031,0.7485647223015194
XML100_1151_08,5.0,43,free,31778,31778,31527,24,23,24,1,1,5.024,0.7961429885494973
XML100_1151_08,5.0,44,free,31785,31785,31527,24,23,24,1,1,5.024,0.8183461794652203
XML100_2335_14,30.0,44,free,8672,8672,8672,5,5,5,1,1,30.024,0.0
XML100_1151_08,10.0,42,free,31595,31595,31527,24,23,24,1,1,10.016,0.21568814032416658
XML100_1151_08,10.0,43,free,31693,31693,31527,24,23,24,1,1,10.014,0.526532813144289
XML100_1151_08,10.0,44,free,31544,31544,31527,24,23,24,1,1,10.014,0.053922035081041646
XML100_2162_03,2.0,42,free,18115,18115,17823,17,16,17,1,1,2.023,1.6383324917241766
XML100_3346_03,30.0,42,free,8220,8220,8220,3,3,3,1,1,30.018,0.0
XML100_3346_03,30.0,43,free,8220,8220,8220,3,3,3,1,1,30.019,0.0
XML100_2162_03,2.0,43,free,17965,17965,17823,17,16,17,1,1,2.024,0.7967233350165517
XML100_2162_03,2.0,44,free,17833,17833,17823,17,16,17,1,1,2.018,0.05610727711384166
XML100_2162_03,5.0,42,free,17911,17911,17823,17,16,17,1,1,5.02,0.49374403860180666
XML100_2162_03,5.0,43,free,17886,17886,17823,17,16,17,1,1,5.017,0.3534758458172025
XML100_2162_03,5.0,44,free,17823,17823,17823,17,16,17,1,1,5.026,0.0
XML100_3346_03,30.0,44,free,8220,8220,8220,3,3,3,1,1,30.023,0.0
XML100_2162_03,10.0,42,free,17860,17860,17823,17,16,17,1,1,10.018,0.20759692532121415
XML100_2162_03,10.0,43,free,17823,17823,17823,17,16,17,1,1,10.017,0.0
XML100_2162_03,10.0,44,free,17823,17823,17823,17,16,17,1,1,10.016,0.0
XML100_3173_18,2.0,42,free,20046,20046,20011,11,11,11,1,1,2.021,0.17490380290840038
XML100_3173_18,2.0,43,free,20161,20161,20011,11,11,11,1,1,2.026,0.7495877267502873
XML100_1151_08,30.0,42,free,31542,31542,31527,24,23,24,1,1,30.023,0.047578266247977924
XML100_1151_08,30.0,43,free,31572,31572,31527,24,23,24,1,1,30.024,0.14273479874393377
XML100_3173_18,2.0,44,free,20138,20138,20011,11,11,11,1,1,2.019,0.63465094198191
XML100_3173_18,5.0,42,free,20046,20046,20011,11,11,11,1,1,5.045,0.17490380290840038
XML100_3173_18,5.0,43,free,20161,20161,20011,11,11,11,1,1,5.027,0.7495877267502873
XML100_3173_18,5.0,44,free,20087,20087,20011,11,11,11,1,1,5.029,0.3797911148868123
XML100_1151_08,30.0,44,free,31544,31544,31527,24,23,24,1,1,30.019,0.053922035081041646
XML100_3173_18,10.0,42,free,20046,20046,20011,11,11,11,1,1,10.019,0.17490380290840038
XML100_3173_18,10.0,43,free,20122,20122,20011,11,11,11,1,1,10.014,0.5546949177952126
XML100_3173_18,10.0,44,free,20061,20061,20011,11,11,11,1,1,10.029,0.24986257558342911
XML100_1214_14,2.0,42,free,10304,10304,10108,8,8,8,1,1,2.03,1.9390581717451523
XML100_2162_03,30.0,42,free,17823,17823,17823,17,16,17,1,1,30.021,0.0
XML100_1214_14,2.0,43,free,10289,10289,10108,8,8,8,1,1,2.028,1.7906608626830234
XML100_2162_03,30.0,43,free,17823,17823,17823,17,16,17,1,1,30.023,0.0
XML100_1214_14,2.0,44,free,10204,10204,10108,8,8,8,1,1,2.024,0.9497427779976256
XML100_1214_14,5.0,42,free,10169,10169,10108,8,8,8,1,1,5.017,0.6034823901859913
XML100_1214_14,5.0,43,free,10173,10173,10108,8,8,8,1,1,5.018,0.6430550059358924
XML100_1214_14,5.0,44,free,10189,10189,10108,8,8,8,1,1,5.037,0.8013454689354966
XML100_2162_03,30.0,44,free,17823,17823,17823,17,16,17,1,1,30.018,0.0
XML100_1214_14,10.0,42,free,10125,10125,10108,8,8,8,1,1,10.017,0.16818361693707953
XML100_1214_14,10.0,43,free,10173,10173,10108,8,8,8,1,1,10.021,0.6430550059358924
XML100_1214_14,10.0,44,free,10176,10176,10108,8,8,8,1,1,10.026,0.6727344677483181
XML100_2225_02,2.0,42,free,6135,6135,6116,5,5,5,1,1,2.024,0.3106605624591236
XML100_2225_02,2.0,43,free,6120,6120,6116,5,5,5,1,1,2.017,0.06540222367560497
XML100_3173_18,30.0,42,free,20028,20028,20011,11,11,11,1,1,30.053,0.0849532756983659
XML100_3173_18,30.0,43,free,20046,20046,20011,11,11,11,1,1,30.026,0.17490380290840038
XML100_2225_02,2.0,44,free,6116,6116,6116,5,5,5,1,1,2.016,0.0
XML100_2225_02,5.0,42,free,6121,6121,6116,5,5,5,1,1,5.013,0.08175277959450622
XML100_2225_02,5.0,43,free,6116,6116,6116,5,5,5,1,1,5.02,0.0
XML100_2225_02,5.0,44,free,6116,6116,6116,5,5,5,1,1,5.022,0.0
XML100_3173_18,30.0,44,free,20041,20041,20011,11,11,11,1,1,30.06,0.14991754535005747
XML100_2225_02,10.0,42,free,6116,6116,6116,5,5,5,1,1,10.033,0.0
XML100_2225_02,10.0,43,free,6116,6116,6116,5,5,5,1,1,10.023,0.0
XML100_2225_02,10.0,44,free,6116,6116,6116,5,5,5,1,1,10.036,0.0
XML100_3236_19,2.0,42,free,8774,8774,8738,3,3,3,1,1,2.038,0.41199359121080337
XML100_3236_19,2.0,43,free,8847,8847,8738,3,3,3,1,1,2.021,1.2474250400549325
XML100_1214_14,30.0,42,free,10108,10108,10108,8,8,8,1,1,30.03,0.0
XML100_1214_14,30.0,43,free,10108,10108,10108,8,8,8,1,1,30.026,0.0
XML100_3236_19,2.0,44,free,8745,8745,8738,3,3,3,1,1,2.032,0.08010986495765622
XML100_3236_19,5.0,42,free,8753,8753,8738,3,3,3,1,1,5.017,0.17166399633783475
XML100_3236_19,5.0,43,free,8847,8847,8738,3,3,3,1,1,5.019,1.2474250400549325
XML100_3236_19,5.0,44,free,8745,8745,8738,3,3,3,1,1,5.032,0.08010986495765622
XML100_1214_14,30.0,44,free,10108,10108,10108,8,8,8,1,1,30.015,0.0
XML100_3236_19,10.0,42,free,8738,8738,8738,3,3,3,1,1,10.032,0.0
XML100_3236_19,10.0,43,free,8793,8793,8738,3,3,3,1,1,10.022,0.6294346532387274
XML100_3236_19,10.0,44,free,8745,8745,8738,3,3,3,1,1,10.034,0.08010986495765622
XML100_1341_04,2.0,42,free,32560,32560,32040,27,26,26,1,1,2.027,1.6229712858926342
XML100_1341_04,2.0,43,free,32571,32571,32040,27,26,26,1,1,2.045,1.6573033707865168
XML100_2225_02,30.0,42,free,6116,6116,6116,5,5,5,1,1,30.033,0.0
XML100_2225_02,30.0,43,free,6116,6116,6116,5,5,5,1,1,30.032,0.0
XML100_1341_04,2.0,44,free,32524,32524,32040,27,26,26,1,1,2.02,1.5106117353308364
XML100_1341_04,5.0,42,free,32362,32362,32040,26,26,26,1,1,5.027,1.0049937578027466
XML100_1341_04,5.0,43,free,32459,32459,32040,27,26,26,1,1,5.026,1.3077403245942572
XML100_1341_04,5.0,44,free,32392,32392,32040,27,26,26,1,1,5.023,1.0986267166042447
XML100_2225_02,30.0,44,free,6116,6116,6116,5,5,5,1,1,30.032,0.0
XML100_1341_04,10.0,42,free,32107,32107,32040,26,26,26,1,1,10.022,0.2091136079900125
XML100_1341_04,10.0,43,free,32251,32251,32040,26,26,26,1,1,10.016,0.6585518102372035
XML100_1341_04,10.0,44,free,32096,32096,32040,26,26,26,1,1,10.015,0.17478152309612985
XML100_2352_08,2.0,42,free,17811,17811,17701,19,18,19,1,1,2.033,0.6214338172984577
XML100_2352_08,2.0,43,free,17934,17934,17701,19,18,19,1,1,2.02,1.316309813004915
XML100_3236_19,30.0,42,free,8738,8738,8738,3,3,3,1,1,30.037,0.0
XML100_3236_19,30.0,43,free,8738,8738,8738,3,3,3,1,1,30.014,0.0
XML100_2352_08,2.0,44,free,17856,17856,17701,19,18,19,1,1,2.015,0.8756567425569177
XML100_2352_08,5.0,42,free,17776,17776,17701,19,18,19,1,1,5.023,0.4237048754307666
XML100_2352_08,5.0,43,free,17701,17701,17701,19,18,19,1,1,5.014,0.0
XML100_2352_08,5.0,44,free,17772,17772,17701,19,18,19,1,1,5.02,0.40110728207445906
XML100_3236_19,30.0,44,free,8738,8738,8738,3,3,3,1,1,30.027,0.0
XML100_2352_08,10.0,42,free,17720,17720,17701,19,18,19,1,1,10.016,0.10733856844246088
XML100_2352_08,10.0,43,free,17701,17701,17701,19,18,19,1,1,10.021,0.0
XML100_2352_08,10.0,44,free,17743,17743,17701,19,18,19,1,1,10.021,0.2372747302412293
XML100_3363_21,2.0,42,free,24472,24472,24189,13,13,13,1,1,2.03,1.169953284550829
XML100_3363_21,2.0,43,free,24664,24664,24189,13,13,13,1,1,2.023,1.9637025094051015
XML100_1341_04,30.0,42,free,32041,32041,32040,26,26,26,1,1,30.017,0.003121098626716604
XML100_1341_04,30.0,43,free,32040,32040,32040,26,26,26,1,1,30.024,0.0
XML100_3363_21,2.0,44,free,24280,24280,24189,13,13,13,1,1,2.016,0.3762040596965563
XML100_3363_21,5.0,42,free,24276,24276,24189,13,13,13,1,1,5.029,0.35966761751209225
XML100_3363_21,5.0,43,free,24258,24258,24189,13,13,13,1,1,5.015,0.28525362768200424
XML100_3363_21,5.0,44,free,24280,24280,24189,13,13,13,1,1,5.033,0.3762040596965563
XML100_1341_04,30.0,44,free,32040,32040,32040,26,26,26,1,1,30.036,0.0
XML100_3363_21,10.0,42,free,24276,24276,24189,13,13,13,1,1,10.024,0.35966761751209225
XML100_3363_21,10.0,43,free,24258,24258,24189,13,13,13,1,1,10.033,0.28525362768200424
XML100_3363_21,10.0,44,free,24280,24280,24189,13,13,13,1,1,10.03,0.3762040596965563
XML100_1174_21,2.0,42,free,13530,13530,13372,8,8,8,1,1,2.025,1.1815734370326054
XML100_2352_08,30.0,42,free,17720,17720,17701,19,18,19,1,1,30.029,0.10733856844246088
XML100_1174_21,2.0,43,free,13640,13640,13372,8,8,8,1,1,2.019,2.0041878552198624
XML100_2352_08,30.0,43,free,17701,17701,17701,19,18,19,1,1,30.016,0.0
XML100_1174_21,2.0,44,free,13444,13444,13372,8,8,8,1,1,2.024,0.5384385282680227
XML100_1174_21,5.0,42,free,13427,13427,13372,8,8,8,1,1,5.025,0.4113072090936285
XML100_1174_21,5.0,43,free,13556,13556,13372,8,8,8,1,1,5.035,1.3760095722405026
XML100_1174_21,5.0,44,free,13431,13431,13372,8,8,8,1,1,5.026,0.44122046066407417
XML100_2352_08,30.0,44,free,17715,17715,17701,19,18,19,1,1,30.018,0.07909157674707644
XML100_1174_21,10.0,42,free,13424,13424,13372,8,8,8,1,1,10.022,0.3888722704157942
XML100_1174_21,10.0,43,free,13448,13448,13372,8,8,8,1,1,10.021,0.5683517798384684
XML100_1174_21,10.0,44,free,13426,13426,13372,8,8,8,1,1,10.027,0.40382889620101703
XML100_2115_19,2.0,42,free,9798,9798,9779,6,6,6,1,1,2.023,0.19429389508129666
XML100_2115_19,2.0,43,free,9779,9779,9779,6,6,6,1,1,2.022,0.0
XML100_3363_21,30.0,42,free,24231,24231,24189,13,13,13,1,1,30.049,0.17363264293687214
XML100_3363_21,30.0,43,free,24240,24240,24189,13,13,13,1,1,30.05,0.21083963785191617
XML100_2115_19,2.0,44,free,9802,9802,9779,6,6,6,1,1,2.029,0.2351978729931486
XML100_2115_19,5.0,42,free,9792,9792,9779,6,6,6,1,1,5.013,0.13293792821351877
XML100_2115_19,5.0,43,free,9779,9779,9779,6,6,6,1,1,5.029,0.0
XML100_2115_19,5.0,44,free,9795,9795,9779,6,6,6,1,1,5.023,0.1636159116474077
XML100_3363_21,30.0,44,free,24219,24219,24189,13,13,13,1,1,30.017,0.12402331638348009
XML100_2115_19,10.0,42,free,9792,9792,9779,6,6,6,1,1,10.029,0.13293792821351877
XML100_2115_19,10.0,43,free,9779,9779,9779,6,6,6,1,1,10.017,0.0
XML100_2115_19,10.0,44,free,9779,9779,9779,6,6,6,1,1,10.02,0.0
XML100_3126_02,2.0,42,free,9035,9035,8962,3,3,3,1,1,2.024,0.8145503235884847
XML100_3126_02,2.0,43,free,9523,9523,8962,3,3,3,1,1,2.015,6.259763445659451
XML100_1174_21,30.0,42,free,13391,13391,13372,8,8,8,1,1,30.022,0.1420879449596171
XML100_1174_21,30.0,43,free,13393,13393,13372,8,8,8,1,1,30.018,0.15704457074483996
XML100_3126_02,2.0,44,free,9505,9505,8962,3,3,3,1,1,2.017,6.05891542066503
XML100_3126_02,5.0,42,free,9035,9035,8962,3,3,3,1,1,5.023,0.8145503235884847
XML100_3126_02,5.0,43,free,9133,9133,8962,3,3,3,1,1,5.014,1.9080562374469985
XML100_3126_02,5.0,44,free,9023,9023,8962,3,3,3,1,1,5.023,0.6806516402588708
XML100_1174_21,30.0,44,free,13405,13405,13372,8,8,8,1,1,30.021,0.2467843254561771
XML100_3126_02,10.0,42,free,8974,8974,8962,3,3,3,1,1,10.021,0.13389868332961394
XML100_3126_02,10.0,43,free,8998,8998,8962,3,3,3,1,1,10.018,0.4016960499888418
XML100_3126_02,10.0,44,free,8979,8979,8962,3,3,3,1,1,10.017,0.18968980138361974
XML100_2115_19,30.0,42,free,9779,9779,9779,6,6,6,1,1,30.014,0.0
XML100_2115_19,30.0,43,free,9779,9779,9779,6,6,6,1,1,30.022,0.0
XML100_2115_19,30.0,44,free,9779,9779,9779,6,6,6,1,1,30.022,0.0
XML100_1111_11,10.0,42,pinned,33202,33202,33202,25,25,25,1,1,10.018,0.0
XML100_2122_05,10.0,42,pinned,17399,17399,17255,16,16,16,1,1,10.027,0.8345407128368589
XML100_3133_13,10.0,42,pinned,19748,19748,19683,10,10,10,1,1,10.022,0.3302342122643906
XML100_3126_02,30.0,42,free,8962,8962,8962,3,3,3,1,1,30.021,0.0
XML100_3126_02,30.0,43,free,8967,8967,8962,3,3,3,1,1,30.015,0.0557911180540058
XML100_1244_21,10.0,42,pinned,13242,13242,13173,8,8,8,1,1,10.039,0.5237986791163745
XML100_3126_02,30.0,44,free,8965,8965,8962,3,3,3,1,1,30.019,0.033474670832403484
XML100_1111_11,30.0,42,pinned,33202,33202,33202,25,25,25,1,1,30.017,0.0
XML100_2255_02,10.0,42,pinned,8743,8743,8743,6,6,6,1,1,10.013,0.0
XML100_3266_03,10.0,42,pinned,8796,8796,8774,3,3,3,1,1,10.014,0.25074082516526097
XML100_2122_05,30.0,42,pinned,17315,17315,17255,16,16,16,1,1,30.02,0.34772529701535787
XML100_3133_13,30.0,42,pinned,19748,19748,19683,10,10,10,1,1,30.017,0.3302342122643906
XML100_1371_27,10.0,42,pinned,,63657,32186,25,29,33,0,1,10.018,
XML100_2312_04,10.0,42,pinned,14487,14487,14486,15,15,15,1,1,10.027,0.006903216899074969
XML100_1244_21,30.0,42,pinned,13173,13173,13173,8,8,8,1,1,30.02,0.0
XML100_3323_12,10.0,42,pinned,17511,17511,17334,9,9,9,1,1,10.011,1.0211145725164417
XML100_2255_02,30.0,42,pinned,8743,8743,8743,6,6,6,1,1,30.02,0.0
XML100_1134_19,10.0,42,pinned,12054,12054,11938,7,7,7,1,1,10.01,0.9716870497570782
XML100_3266_03,30.0,42,pinned,8774,8774,8774,3,3,3,1,1,30.019,0.0
XML100_2145_02,10.0,42,pinned,10261,10261,10225,6,6,6,1,1,10.012,0.35207823960880197
XML100_1371_27,30.0,42,pinned,,63657,32186,25,29,33,0,1,30.021,
XML100_3156_17,10.0,42,pinned,11097,11097,11091,4,4,4,1,1,10.036,0.054097917230186636
XML100_2312_04,30.0,42,pinned,14486,14486,14486,15,15,15,1,1,30.011,0.0
XML100_1261_07,10.0,42,pinned,21786,21786,21667,23,23,23,1,1,10.017,0.5492223196566207
XML100_3323_12,30.0,42,pinned,17381,17381,17334,9,9,9,1,1,30.014,0.271143417560863
XML100_2272_02,10.0,42,pinned,9475,9475,9467,14,14,15,1,1,10.014,0.08450406675821275
XML100_1134_19,30.0,42,pinned,11972,11972,11938,7,7,7,1,1,30.031,0.28480482492879877
XML100_3213_03,10.0,42,pinned,11636,11636,11615,10,10,10,1,1,10.02,0.18080068876452862
XML100_2145_02,30.0,42,pinned,10225,10225,10225,6,6,6,1,1,30.015,0.0
XML100_1324_14,10.0,42,pinned,10743,10743,10734,8,8,8,1,1,10.018,0.08384572386808273
XML100_3156_17,30.0,42,pinned,11091,11091,11091,4,4,4,1,1,30.02,0.0
XML100_2335_14,10.0,42,pinned,8672,8672,8672,5,5,5,1,1,10.011,0.0
XML100_1261_07,30.0,42,pinned,21684,21684,21667,23,23,23,1,1,30.016,0.07846033137951723
XML100_3346_03,10.0,42,pinned,8220,8220,8220,3,3,3,1,1,10.014,0.0
XML100_2272_02,30.0,42,pinned,9471,9471,9467,14,14,15,1,1,30.014,0.04225203337910637
XML100_1151_08,10.0,42,pinned,32462,32462,31527,23,23,24,1,1,10.017,2.9657119294572905
XML100_3213_03,30.0,42,pinned,11626,11626,11615,10,10,10,1,1,30.043,0.09470512268618166
XML100_2162_03,10.0,42,pinned,18655,18655,17823,16,16,17,1,1,10.014,4.6681254558716265
XML100_1324_14,30.0,42,pinned,10734,10734,10734,8,8,8,1,1,30.016,0.0
XML100_3173_18,10.0,42,pinned,20118,20118,20011,11,11,11,1,1,10.02,0.5347059117485383
XML100_2335_14,30.0,42,pinned,8672,8672,8672,5,5,5,1,1,30.012,0.0
XML100_1214_14,10.0,42,pinned,10108,10108,10108,8,8,8,1,1,10.012,0.0
XML100_3346_03,30.0,42,pinned,8220,8220,8220,3,3,3,1,1,30.018,0.0
XML100_2225_02,10.0,42,pinned,6116,6116,6116,5,5,5,1,1,10.02,0.0
XML100_1151_08,30.0,42,pinned,32410,32410,31527,23,23,24,1,1,30.016,2.800773939797634
XML100_2162_03,30.0,42,pinned,18644,18644,17823,16,16,17,1,1,30.011,4.606407451046401
XML100_3236_19,10.0,42,pinned,8741,8741,8738,3,3,3,1,1,10.044,0.03433279926756695
XML100_1341_04,10.0,42,pinned,32095,32095,32040,26,26,26,1,1,10.012,0.17166042446941324
XML100_3173_18,30.0,42,pinned,20041,20041,20011,11,11,11,1,1,30.014,0.14991754535005747
XML100_2352_08,10.0,42,pinned,18011,18011,17701,18,18,19,1,1,10.013,1.7513134851138354
XML100_1214_14,30.0,42,pinned,10108,10108,10108,8,8,8,1,1,30.015,0.0
XML100_3363_21,10.0,42,pinned,24270,24270,24189,13,13,13,1,1,10.008,0.33486295423539625
XML100_2225_02,30.0,42,pinned,6116,6116,6116,5,5,5,1,1,30.01,0.0
XML100_1174_21,10.0,42,pinned,13385,13385,13372,8,8,8,1,1,10.011,0.09721806760394855
XML100_3236_19,30.0,42,pinned,8738,8738,8738,3,3,3,1,1,30.009,0.0
XML100_2115_19,10.0,42,pinned,9779,9779,9779,6,6,6,1,1,10.014,0.0
XML100_1341_04,30.0,42,pinned,32080,32080,32040,26,26,26,1,1,30.018,0.12484394506866417
XML100_3126_02,10.0,42,pinned,9007,9007,8962,3,3,3,1,1,10.016,0.5021200624860522
XML100_2352_08,30.0,42,pinned,17935,17935,17701,18,18,19,1,1,30.014,1.321959211343992
XML100_3363_21,30.0,42,pinned,24231,24231,24189,13,13,13,1,1,30.019,0.17363264293687214
XML100_1174_21,30.0,42,pinned,13372,13372,13372,8,8,8,1,1,30.017,0.0
XML100_2115_19,30.0,42,pinned,9779,9779,9779,6,6,6,1,1,30.013,0.0
XML100_3126_02,30.0,42,pinned,8962,8962,8962,3,3,3,1,1,30.016,0.0
